vx,vy,v_out,ideal,err
-1.0,0.1,2.69992064,2.670464534165488,0.029456105834512414
-0.95,0.1,2.71895876,2.6893261164485467,0.02963264355145334
-0.9,0.1,2.73896225,2.7091547527346447,0.029807497265355476
-0.85,0.1,2.75997951,2.7300000249427723,0.029979485057227695
-0.8,0.1,2.78206126,2.751914057111267,0.03014720288873285
-0.75,0.1,2.80526072,2.7749516457350603,0.030309074264939895
-0.7,0.1,2.82963369,2.799170396785455,0.030463293214545217
-0.65,0.1,2.85523868,2.8246308697550617,0.030607810244938083
-0.6,0.1,2.88213702,2.851396729088072,0.030740290911928092
-0.55,0.1,2.91039299,2.879534903374532,0.030858086625467962
-0.5,0.1,2.94007399,2.909115752706679,0.030958237293321034
-0.45,0.1,2.9712506,2.9402132446158187,0.031037355384181176
-0.4,0.1,3.00399679,2.9729051390296846,0.03109165097031541
-0.35,0.1,3.03839006,3.007273182712759,0.031116877287240996
-0.3,0.1,3.07451154,3.0434033136757632,0.03110822632423682
-0.25,0.1,3.11244621,3.0813858760654504,0.031060333934549433
-0.2,0.1,3.15228301,3.121315846072027,0.03096716392797294
-0.15,0.1,3.19411507,3.1632930694191033,0.03082200058089679
-0.1,0.1,3.23803979,3.207422511030005,0.030617278969995
-0.05,0.1,3.28415911,3.2538145174947593,0.030344592505240797
2.91433544e-16,0.1,3.33257964,3.302585092994046,0.029994547005954164
0.05,0.1,3.38341284,3.3538561893700694,0.029556650629930736
0.1,0.1,3.43677524,3.407756011069693,0.029019228930306618
0.15,0.1,3.4927886,3.4644193357223285,0.02836926427767139
0.2,0.1,3.55158015,3.5239878511542155,0.027592298845784402
0.25,0.1,3.61328275,3.586610509681787,0.02667224031821336
0.3,0.1,3.67803509,3.6524439005700486,0.0255911894299512
0.35,0.1,3.74598195,3.7216526415873026,0.024329308412697426
0.4,0.1,3.81727432,3.794409790635316,0.022864529364684305
0.45,0.1,3.8920697,3.870897278484214,0.0211724215157858
0.5,0.1,3.97053223,3.9513063636941737,0.019225866305826234
0.55,0.1,4.05283295,4.035838110861441,0.016994839138559037
0.6,0.1,4.13914996,4.124703893384554,0.014446066615446007
0.65,0.1,4.22966865,4.218125922007942,0.011542727992058133
0.7,0.1,4.3245819,4.316337800464522,0.008244099535478
0.75,0.1,4.42409025,4.41958510960672,0.004505140393280094
0.8,0.1,4.52840208,4.528126021486513,0.0002760585134868876
0.85,0.1,4.63773382,4.642231944920036,-0.004498124920035984
0.9,0.1,4.75231004,4.762188204150995,-0.009878164150994628
0.95,0.1,4.8723637,4.888294752309891,-0.01593105230989078
1.0,0.1,4.99813619,5.0208669214530905,-0.022730731453090236
-1.0,0.2,1.99918558,1.9773173536055426,0.021868226394457402
-0.95,0.2,2.01822369,1.9961789358886015,0.022044754111398612
-0.9,0.2,2.03822719,2.0160075721746993,0.022219617825300908
-0.85,0.2,2.05924444,2.036852844382827,0.022391595617173188
-0.8,0.2,2.08132619,2.0587668765513216,0.022559313448678342
-0.75,0.2,2.10452565,2.081804465175115,0.022721184824884944
-0.7,0.2,2.12889862,2.10602321622551,0.022875403774490266
-0.65,0.2,2.15450361,2.1314836891951163,0.023019920804883576
-0.6,0.2,2.18140195,2.1582495485281266,0.023152401471873585
-0.55,0.2,2.20965793,2.1863877228145867,0.023270207185413394
-0.5,0.2,2.23933892,2.2159685721467337,0.023370347853266082
-0.45,0.2,2.27051553,2.2470660640558737,0.023449465944126224
-0.4,0.2,2.30326173,2.2797579584697396,0.023503771530260398
-0.35,0.2,2.33765499,2.314126002152814,0.023528987847186045
-0.3,0.2,2.37377647,2.3502561331158183,0.02352033688418187
-0.25,0.2,2.41171114,2.388238695505505,0.023472444494494926
-0.2,0.2,2.45154795,2.428168665512082,0.02337928448791793
-0.15,0.2,2.49338,2.4701458888591583,0.02323411114084184
-0.1,0.2,2.53730472,2.51427533047006,0.023029389529940048
-0.05,0.2,2.58342405,2.5606673369348143,0.022756713065185785
2.91433544e-16,0.2,2.63184457,2.6094379124341005,0.022406657565899657
0.05,0.2,2.68267777,2.6607090088101244,0.021968761189875785
0.1,0.2,2.73604017,2.714608830509748,0.021431339490251666
0.15,0.2,2.79205354,2.771272155162383,0.020781384837616823
0.2,0.2,2.85084509,2.83084067059427,0.020004419405729834
0.25,0.2,2.91254768,2.8934633291218415,0.019084350878158407
0.3,0.2,2.97730003,2.9592967200101032,0.018003309989896632
0.35,0.2,3.04524688,3.0285054610273576,0.016741418972642474
0.4,0.2,3.11653926,3.101262610075371,0.015276649924629293
0.45,0.2,3.19133463,3.177750097924269,0.013584532075730849
0.5,0.2,3.26979717,3.2581591831342287,0.011637986865771222
0.55,0.2,3.35209788,3.3426909303014956,0.00940694969850453
0.6,0.2,3.43841489,3.431556712824609,0.006858177175390612
0.65,0.2,3.52893359,3.5249787414479963,0.003954848552003565
0.7,0.2,3.62384684,3.6231906199045767,0.0006562200954234321
0.75,0.2,3.72335519,3.7264379290467753,-0.0030827390467753624
0.8,0.2,3.82766702,3.834978840926568,-0.0073118209265681244
0.85,0.2,3.93699875,3.949084764360091,-0.012086014360090935
0.9,0.2,4.05157498,4.06904102359105,-0.01746604359105053
0.95,0.2,4.17162864,4.1951475717499465,-0.02351893174994668
1.0,0.2,4.29740112,4.327719740893145,-0.030318620893145187
-1.0,0.3,1.58944321,1.5718522454973785,0.017590964502621542
-0.95,0.3,1.60848132,1.5907138277804374,0.017767492219562753
-0.9,0.3,1.62848482,1.6105424640665351,0.017942355933464826
-0.85,0.3,1.64950207,1.6313877362746627,0.018114333725337328
-0.8,0.3,1.67158382,1.6533017684431577,0.01828205155684226
-0.75,0.3,1.69478328,1.6763393570669507,0.018443922933049306
-0.7,0.3,1.71915626,1.7005581081173458,0.018598151882654346
-0.65,0.3,1.74476124,1.7260185810869522,0.018742658913047938
-0.6,0.3,1.77165958,1.7527844404199624,0.018875139580037503
-0.55,0.3,1.79991556,1.7809226147064228,0.018992945293577312
-0.5,0.3,1.82959655,1.8105034640385695,0.019093085961430445
-0.45,0.3,1.86077316,1.8416009559477096,0.019172204052290365
-0.4,0.3,1.89351936,1.8742928503615754,0.019226509638424538
-0.35,0.3,1.92791262,1.9086608940446497,0.019251725955350407
-0.3,0.3,1.96403411,1.944791025007654,0.01924308499234595
-0.25,0.3,2.00196877,1.9827735873973409,0.019195182602659067
-0.2,0.3,2.04180558,2.022703557403918,0.01910202259608207
-0.15,0.3,2.08363763,2.0646807807509937,0.018956849249006424
-0.1,0.3,2.12756235,2.1088102223618956,0.018752127638104188
-0.05,0.3,2.17368168,2.15520222882665,0.018479451173349926
2.91433544e-16,0.3,2.2221022,2.2039728043259363,0.018129395674063797
0.05,0.3,2.2729354,2.2552439007019602,0.017691499298039925
0.1,0.3,2.3262978,2.3091437224015836,0.01715407759841625
0.15,0.3,2.38231117,2.3658070470542194,0.01650412294578052
0.2,0.3,2.44110272,2.425375562486106,0.015727157513893975
0.25,0.3,2.50280531,2.4879982210136777,0.014807088986322103
0.3,0.3,2.56755766,2.5538316119019395,0.013726048098060328
0.35,0.3,2.63550451,2.623040352919193,0.012464157080807059
0.4,0.3,2.70679689,2.6957975019672062,0.010999388032793878
0.45,0.3,2.78159226,2.7722849898161046,0.009307270183895433
0.5,0.3,2.8600548,2.852694075026064,0.007360724973935806
0.55,0.3,2.94235551,2.9372258221933314,0.00512968780666867
0.6,0.3,3.02867252,3.026091604716445,0.0025809152835551963
0.65,0.3,3.11919122,3.1195136333398326,-0.0003224133398327389
0.7,0.3,3.21410447,3.217725511796413,-0.0036210417964128716
0.75,0.3,3.31361282,3.3209728209386107,-0.007360000938610778
0.8,0.3,3.41792465,3.429513732818404,-0.011589082818404428
0.85,0.3,3.52725638,3.543619656251927,-0.01636327625192724
0.9,0.3,3.64183261,3.6635759154828857,-0.021743305482885944
0.95,0.3,3.76188627,3.789682463641782,-0.027796193641781652
1.0,0.3,3.88765875,3.9222546327849814,-0.03459588278498149
-1.0,0.4,1.29878929,1.2841701730455974,0.014619116954402545
-0.95,0.4,1.3178274,1.3030317553286563,0.014795644671343755
-0.9,0.4,1.3378309,1.322860391614754,0.014970508385245829
-0.85,0.4,1.35884815,1.3437056638228817,0.01514248617711833
-0.8,0.4,1.3809299,1.3656196959913767,0.015310204008623263
-0.75,0.4,1.40412936,1.3886572846151697,0.015472075384830308
-0.7,0.4,1.42850233,1.4128760356655645,0.01562629433443541
-0.65,0.4,1.45410732,1.438336508635171,0.015770811364829163
-0.6,0.4,1.48100566,1.4651023679681814,0.015903292031818506
-0.55,0.4,1.50926164,1.4932405422546418,0.016021097745358315
-0.5,0.4,1.53894263,1.5228213915867883,0.01612123841321167
-0.45,0.4,1.57011924,1.5539188834959283,0.01620035650407159
-0.4,0.4,1.60286544,1.5866107779097942,0.016254662090205763
-0.35,0.4,1.6372587,1.6209788215928684,0.01627987840713163
-0.3,0.4,1.67338018,1.6571089525558729,0.016271227444127234
-0.25,0.4,1.71131485,1.6950915149455599,0.01622333505444007
-0.2,0.4,1.75115166,1.7350214849521368,0.016130175047863293
-0.15,0.4,1.79298371,1.776998708299213,0.015985001700786983
-0.1,0.4,1.83690843,1.8211281499101144,0.015780280089885634
-0.05,0.4,1.88302776,1.867520156374869,0.01550760362513115
2.91433544e-16,0.4,1.93144828,1.916290731874155,0.0151575481258448
0.05,0.4,1.98228148,1.967561828250179,0.014719651749820928
0.1,0.4,2.03564388,2.021461649949803,0.014182230050197031
0.15,0.4,2.09165725,2.078124974602438,0.013532275397561744
0.2,0.4,2.1504488,2.1376934900343247,0.012755309965675199
0.25,0.4,2.21215139,2.2003161485618965,0.011835241438103328
0.3,0.4,2.27690374,2.2661495394501583,0.010754200549841553
0.35,0.4,2.34485059,2.3353582804674122,0.00949230953258784
0.4,0.4,2.41614297,2.4081154295154255,0.008027540484574658
0.45,0.4,2.49093834,2.484602917364324,0.006335422635676213
0.5,0.4,2.56940088,2.5650120025742833,0.004388877425716586
0.55,0.4,2.65170159,2.64954374974155,0.0021578402584498946
0.6,0.4,2.7380186,2.7384095322646638,-0.00039093226466357933
0.65,0.4,2.8285373,2.8318315608880513,-0.0032942608880515145
0.7,0.4,2.92345055,2.9300434393446317,-0.006592889344631647
0.75,0.4,3.0229589,3.03329074848683,-0.010331848486829998
0.8,0.4,3.12727073,3.141831660366623,-0.01456093036662276
0.85,0.4,3.23660246,3.255937583800146,-0.019335123800146015
0.9,0.4,3.35117869,3.375893843031105,-0.024715153031105164
0.95,0.4,3.47123235,3.502000391190001,-0.030768041190000872
1.0,0.4,3.59700483,3.6345725603332,-0.03756773033320027
-1.0,0.5,1.07337285,1.0610266217313877,0.012346228268612203
-0.95,0.5,1.09241097,1.0798882040144466,0.012522765985553352
-0.9,0.5,1.11241446,1.0997168403005444,0.012697619699455709
-0.85,0.5,1.13343172,1.120562112508672,0.012869607491327928
-0.8,0.5,1.15551347,1.142476144677167,0.013037325322833082
-0.75,0.5,1.17871293,1.16551373330096,0.013199196699040128
-0.7,0.5,1.2030859,1.1897324843513548,0.013353415648645228
-0.65,0.5,1.22869089,1.2151929573209612,0.01349793267903876
-0.6,0.5,1.25558923,1.2419588166539717,0.013630413346028325
-0.55,0.5,1.28384521,1.270096990940432,0.013748219059567912
-0.5,0.5,1.3135262,1.2996778402725786,0.013848359727421489
-0.45,0.5,1.34470281,1.3307753321817186,0.013927477818281409
-0.4,0.5,1.37744901,1.3634672265955845,0.013981783404415582
-0.35,0.5,1.41184227,1.3978352702786587,0.014006999721341229
-0.3,0.5,1.44796375,1.4339654012416632,0.013998348758336832
-0.25,0.5,1.48589842,1.4719479636313502,0.013950456368649888
-0.2,0.5,1.52573523,1.511877933637927,0.01385729636207289
-0.15,0.5,1.56756728,1.5538551569850032,0.013712123014996802
-0.1,0.5,1.611492,1.5979845985959047,0.013507401404095232
-0.05,0.5,1.65761132,1.6443766050606592,0.013234714939340808
2.91433544e-16,0.5,1.70603185,1.6931471805599454,0.012884669440054619
0.05,0.5,1.75686505,1.7444182769359693,0.012446773064030747
0.1,0.5,1.81022745,1.798318098635593,0.01190935136440685
0.15,0.5,1.86624082,1.8549814232882285,0.011259396711771563
0.2,0.5,1.92503237,1.914549938720115,0.010482431279885018
0.25,0.5,1.98673496,1.9771725972476868,0.009562362752313147
0.3,0.5,2.05148731,2.0430059881359486,0.008481321864051594
0.35,0.5,2.11943416,2.1122147291532025,0.007219430846797437
0.4,0.5,2.19072653,2.1849718782012157,0.005754651798784316
0.45,0.5,2.26552191,2.261459366050114,0.004062543949885811
0.5,0.5,2.34398444,2.3418684512600736,0.0021159887399262445
0.55,0.5,2.42628516,2.4264001984273404,-0.00011503842734050806
0.6,0.5,2.51260217,2.515265980950454,-0.002663810950453982
0.65,0.5,2.60312086,2.6086880095738416,-0.005567149573841412
0.7,0.5,2.69803412,2.706899888030422,-0.00886576803042205
0.75,0.5,2.79754246,2.81014719717262,-0.01260473717262034
0.8,0.5,2.9018543,2.9186881090524133,-0.016833809052413162
0.85,0.5,3.01118603,3.032794032485936,-0.021608002485935973
0.9,0.5,3.12576226,3.1527502917168952,-0.026988031716895122
0.95,0.5,3.24581591,3.2788568398757914,-0.033040929875791214
1.0,0.5,3.3715884,3.4114290090189905,-0.03984060901899067
-1.0,0.6,0.889213208,0.8787050649374331,0.010508143062566977
-0.95,0.6,0.908251322,0.897566647220492,0.010684674779508074
-0.9,0.6,0.928254818,0.9173952835065898,0.01085953449341015
-0.85,0.6,0.949272071,0.9382405557147173,0.011031515285282678
-0.8,0.6,0.971353823,0.9601545878832123,0.011199235116787665
-0.75,0.6,0.994553285,0.9831921765070054,0.011361108492994543
-0.7,0.6,1.01892626,1.0074109275574004,0.011515332442599613
-0.65,0.6,1.04453125,1.0328714005270068,0.011659849472993145
-0.6,0.6,1.07142958,1.059637259860017,0.011792320139982992
-0.55,0.6,1.09968556,1.0877754341464774,0.01191012585352258
-0.5,0.6,1.12936655,1.1173562834786241,0.012010266521375934
-0.45,0.6,1.16054316,1.1484537753877642,0.012089384612235854
-0.4,0.6,1.19328936,1.18114566980163,0.012143690198370027
-0.35,0.6,1.22768263,1.2155137134847043,0.012168916515295836
-0.3,0.6,1.26380411,1.2516438444477087,0.012160265552291216
-0.25,0.6,1.30173877,1.2896264068373955,0.012112363162604556
-0.2,0.6,1.34157558,1.3295563768439727,0.012019203156027336
-0.15,0.6,1.38340763,1.3715336001910485,0.01187402980895147
-0.1,0.6,1.42733236,1.4156630418019502,0.011669318198049838
-0.05,0.6,1.47345168,1.4620550482667047,0.011396631733295193
2.91433544e-16,0.6,1.5218722,1.510825623765991,0.011046576234009065
0.05,0.6,1.5727054,1.5620967201420148,0.010608679857985193
0.1,0.6,1.6260678,1.6159965418416384,0.010071258158361518
0.15,0.6,1.68208117,1.6726598664942738,0.00942130350572623
0.2,0.6,1.74087272,1.7322283819261606,0.008644338073839464
0.25,0.6,1.80257532,1.7948510404537321,0.007724279546267976
0.3,0.6,1.86732766,1.860684431341994,0.00664322865800604
0.35,0.6,1.93527451,1.9298931723592478,0.005381337640752104
0.4,0.6,2.00656689,2.002650321407261,0.003916568592739367
0.45,0.6,2.08136227,2.079137809256159,0.0022244607438408615
0.5,0.6,2.1598248,2.1595468944661187,0.00027790553388129524
0.55,0.6,2.24212551,2.244078641633386,-0.0019531316333858406
0.6,0.6,2.32844252,2.3329444241564996,-0.004501904156499759
0.65,0.6,2.41896122,2.426366452779887,-0.00740523277988725
0.7,0.6,2.51387447,2.5245783312364676,-0.010703861236467382
0.75,0.6,2.61338282,2.6278256403786653,-0.014442820378665289
0.8,0.6,2.71769465,2.736366552258459,-0.01867190225845894
0.85,0.6,2.82702638,2.8504724756919817,-0.02344609569198175
0.9,0.6,2.94160261,2.9704287349229404,-0.028826124922940455
0.95,0.6,3.06165627,3.0965352830818365,-0.03487901308183661
1.0,0.6,3.18742876,3.229107452225036,-0.04167869222503606
-1.0,0.7,0.733520598,0.7245543851101748,0.008966212889825242
-0.95,0.7,0.752558712,0.7434159673932337,0.00914274460676634
-0.9,0.7,0.772562208,0.7632446036793316,0.009317604320668416
-0.85,0.7,0.793579462,0.784089875887459,0.009489586112540915
-0.8,0.7,0.815661213,0.806003908055954,0.009657304944046041
-0.75,0.7,0.838860675,0.8290414966797471,0.009819178320252808
-0.7,0.7,0.863233647,0.853260247730142,0.009973399269858074
-0.65,0.7,0.888838636,0.8787207206997485,0.010117915300251523
-0.6,0.7,0.915736974,0.9054865800327588,0.010250393967241145
-0.55,0.7,0.943992952,0.9336247543192191,0.0103681976807809
-0.5,0.7,0.973673945,0.9632056036513659,0.01046834134863417
-0.45,0.7,1.00485055,0.9943030955605058,0.01054745443949423
-0.4,0.7,1.03759675,1.0269949899743718,0.010601760025628293
-0.35,0.7,1.07199002,1.0613630336574458,0.010626986342554323
-0.3,0.7,1.1081115,1.0974931646204502,0.010618335379549704
-0.25,0.7,1.14604616,1.1354757270101374,0.0105704329898626
-0.2,0.7,1.18588297,1.1754056970167142,0.010477272983285824
-0.15,0.7,1.22771502,1.2173829203637903,0.010332099636209735
-0.1,0.7,1.27163975,1.261512361974692,0.010127388025308104
-0.05,0.7,1.31775907,1.3079043684394465,0.009854701560553458
2.91433544e-16,0.7,1.36617959,1.3566749439387327,0.00950464606126733
0.05,0.7,1.4170128,1.4079460403147566,0.009066759685243397
0.1,0.7,1.47037519,1.4618458620143802,0.008529327985619783
0.15,0.7,1.52638856,1.5185091866670155,0.007879373332984496
0.2,0.7,1.58518011,1.5780777020989023,0.007102407901097729
0.25,0.7,1.64688271,1.6407003606264738,0.006182349373526241
0.3,0.7,1.71163505,1.7065337515147356,0.005101298485264305
0.35,0.7,1.7795819,1.7757424925319896,0.0038394074680103696
0.4,0.7,1.85087428,1.8484996415800028,0.002374638419997188
0.45,0.7,1.92566966,1.9249871294289012,0.0006825305710989049
0.5,0.7,2.00413219,2.0053962146388606,-0.0012640246388606613
0.55,0.7,2.0864329,2.0899279618061275,-0.003495061806127353
0.6,0.7,2.17274991,2.1787937443292416,-0.006043834329241715
0.65,0.7,2.26326861,2.2722157729526287,-0.008947162952628762
0.7,0.7,2.35818186,2.370427651409209,-0.012245791409208895
0.75,0.7,2.45769021,2.4736749605514072,-0.015984750551407245
0.8,0.7,2.56200204,2.5822158724312003,-0.02021383243120045
0.85,0.7,2.67133377,2.696321795864723,-0.024988025864723262
0.9,0.7,2.78591,2.8162780550956823,-0.03036805509568241
0.95,0.7,2.90596366,2.9423846032545784,-0.036420943254578564
1.0,0.7,3.03173615,3.0749567723977775,-0.043220622397777575
-1.0,0.7999999999999999,0.598661748,0.5910229924856522,0.007638755514347895
-0.95,0.7999999999999999,0.617699861,0.609884574768711,0.00781528623128891
-0.9,0.7999999999999999,0.637703358,0.6297132110548089,0.007990146945191068
-0.85,0.7999999999999999,0.658720611,0.6505584832629365,0.008162127737063485
-0.8,0.7999999999999999,0.680802362,0.6724725154314314,0.00832984656856861
-0.75,0.7999999999999999,0.704001824,0.6955101040552245,0.008491719944775489
-0.7,0.7999999999999999,0.728374797,0.7197288551056193,0.008645941894380615
-0.65,0.7999999999999999,0.753979785,0.7451893280752259,0.008790456924774093
-0.6,0.7999999999999999,0.780878123,0.7719551874082362,0.008922935591763825
-0.55,0.7999999999999999,0.809134101,0.8000933616946965,0.00904073930530358
-0.5,0.7999999999999999,0.838815094,0.8296742110268432,0.009140882973156739
-0.45,0.7999999999999999,0.869991704,0.8607717029359832,0.00922000106401688
-0.4,0.7999999999999999,0.902737901,0.8934635973498491,0.009274303650150806
-0.35,0.7999999999999999,0.937131166,0.9278316410329233,0.009299524967076755
-0.3,0.7999999999999999,0.973252647,0.9639617719959277,0.00929087500407233
-0.25,0.7999999999999999,1.01118731,1.0019443343856147,0.009242975614385252
-0.2,0.7999999999999999,1.05102412,1.0418743043921916,0.009149815607808254
-0.15,0.7999999999999999,1.09285617,1.0838515277392677,0.009004642260732165
-0.1,0.7999999999999999,1.1367809,1.1279809693501694,0.008799930649830534
-0.05,0.7999999999999999,1.18290022,1.174372975814924,0.00852724418507611
2.91433544e-16,0.7999999999999999,1.23132074,1.2231435513142102,0.00817718868578976
0.05,0.7999999999999999,1.28215394,1.274414647690234,0.007739292309765888
0.1,0.7999999999999999,1.33551634,1.3283144693898576,0.007201870610142436
0.15,0.7999999999999999,1.39152971,1.384977794042493,0.006551915957506926
0.2,0.7999999999999999,1.45032126,1.4445463094743798,0.005774950525620159
0.25,0.7999999999999999,1.51202386,1.5071689680019513,0.0048548919980486716
0.3,0.7999999999999999,1.5767762,1.5730023588902131,0.0037738411097869573
0.35,0.7999999999999999,1.64472305,1.642211099907467,0.002511950092533022
0.4,0.7999999999999999,1.71601543,1.7149682489554803,0.0010471810445196184
0.45,0.7999999999999999,1.79081081,1.7914557368043786,-0.0006449268043786649
0.5,0.7999999999999999,1.86927334,1.8718648220143381,-0.002591482014338231
0.55,0.7999999999999999,1.95157405,1.9563965691816052,-0.004822519181605145
0.6,0.7999999999999999,2.03789106,2.045262351704719,-0.007371291704718619
0.65,0.7999999999999999,2.12840976,2.138684380328106,-0.01027462032810611
0.7,0.7999999999999999,2.22332301,2.2368962587846863,-0.013573248784686243
0.75,0.7999999999999999,2.32283136,2.3401435679268845,-0.017312207926884593
0.8,0.7999999999999999,2.42714319,2.4486844798066776,-0.0215412898066778
0.85,0.7999999999999999,2.53647492,2.5627904032402005,-0.02631548324020061
0.9,0.7999999999999999,2.65105115,2.6827466624711596,-0.03169551247115976
0.95,0.7999999999999999,2.77110481,2.8088532106300557,-0.03774840063005547
1.0,0.7999999999999999,2.8968773,2.941425379773255,-0.04454807977325492
-1.0,0.8999999999999999,0.479713596,0.4732399568292687,0.0064736391707312935
-0.95,0.8999999999999999,0.498751709,0.4921015391123276,0.006650169887672364
-0.9,0.8999999999999999,0.518755205,0.5119301753984256,0.006825029601574495
-0.85,0.8999999999999999,0.539772459,0.532775447606553,0.006997011393446995
-0.8,0.8999999999999999,0.56185421,0.554689479775048,0.0071647302249520095
-0.75,0.8999999999999999,0.585053672,0.5777270683988411,0.0073266036011588875
-0.7,0.8999999999999999,0.609426644,0.601945819449236,0.0074808245507640425
-0.65,0.8999999999999999,0.635031633,0.6274062924188425,0.0076253405811574915
-0.6,0.8999999999999999,0.661929971,0.6541721517518528,0.007757819248147113
-0.55,0.8999999999999999,0.690185949,0.6823103260383131,0.007875622961686868
-0.5,0.8999999999999999,0.719866942,0.7118911753704599,0.007975766629540137
-0.45,0.8999999999999999,0.751043552,0.7429886672795998,0.008054884720400168
-0.4,0.8999999999999999,0.783789749,0.7756805616934658,0.008109187306534205
-0.35,0.8999999999999999,0.818183014,0.8100486053765399,0.008134408623460154
-0.3,0.8999999999999999,0.854304494,0.8461787363395443,0.008125757660455646
-0.25,0.8999999999999999,0.892239161,0.8841612987292313,0.008077862270768676
-0.2,0.8999999999999999,0.932075968,0.9240912687358083,0.007984699264191764
-0.15,0.8999999999999999,0.973908019,0.9660684920828843,0.007839526917115758
-0.1,0.8999999999999999,1.01783274,1.0101979336937859,0.007634806306214159
-0.05,0.8999999999999999,1.06395207,1.0565899401585404,0.007362129841459675
2.91433544e-16,0.8999999999999999,1.11237259,1.1053605156578266,0.0070120743421735465
0.05,0.8999999999999999,1.16320579,1.1566316120338505,0.006574177966149453
0.1,0.8999999999999999,1.21656819,1.210531433733474,0.006036756266526
0.15,0.8999999999999999,1.27258156,1.2671947583861094,0.005386801613890491
0.2,0.8999999999999999,1.33137311,1.3267632738179962,0.004609836182003724
0.25,0.8999999999999999,1.3930757,1.3893859323455677,0.0036897676544322966
0.3,0.8999999999999999,1.45782805,1.4552193232338295,0.0026087267661705216
0.35,0.8999999999999999,1.5257749,1.5244280642510835,0.001346835748916586
0.4,0.8999999999999999,1.59706728,1.5971852132990967,-0.00011793329909659533
0.45,0.8999999999999999,1.67186265,1.673672701147995,-0.0018100511479950399
0.5,0.8999999999999999,1.75032519,1.7540817863579545,-0.003756596357954445
0.55,0.8999999999999999,1.8326259,1.8386135335252216,-0.005987633525221581
0.6,0.8999999999999999,1.91894291,1.9274793160483352,-0.008536406048335277
0.65,0.8999999999999999,2.00946161,2.0209013446717226,-0.011439734671722768
0.7,0.8999999999999999,2.10437486,2.119113223128303,-0.0147383631283029
0.75,0.8999999999999999,2.20388321,2.222360532270501,-0.01847732227050125
0.8,0.8999999999999999,2.30819504,2.330901444150294,-0.022706404150294013
0.85,0.8999999999999999,2.41752677,2.445007367583817,-0.027480597583817268
0.9,0.8999999999999999,2.532103,2.564963626814776,-0.03286062681477597
0.95,0.8999999999999999,2.65215666,2.6910701749736723,-0.038913514973672125
1.0,0.8999999999999999,2.77792914,2.8236423441168714,-0.04571320411687152
-1.0,0.9999999999999999,0.373315032,0.36787944117144245,0.005435590828557546
-0.95,0.9999999999999999,0.392353146,0.38674102345450134,0.005612122545498643
-0.9,0.9999999999999999,0.412356642,0.4065696597405992,0.005786982259400775
-0.85,0.9999999999999999,0.433373896,0.42741493194872676,0.005958964051273219
-0.8,0.9999999999999999,0.455455647,0.4493289641172217,0.006126682882778345
-0.75,0.9999999999999999,0.478655109,0.4723665527410148,0.006288556258985223
-0.7,0.9999999999999999,0.503028081,0.49658530379140964,0.006442777208590322
-0.65,0.9999999999999999,0.528633069,0.5220457767610162,0.0065872922389837996
-0.6,0.9999999999999999,0.555531408,0.5488116360940265,0.006719771905973504
-0.55,0.9999999999999999,0.583787385,0.5769498103804868,0.006837574619513287
-0.5,0.9999999999999999,0.613468378,0.6065306597126335,0.006937718287366446
-0.45,0.9999999999999999,0.644644989,0.6376281516217734,0.007016837378226559
-0.4,0.9999999999999999,0.677391185,0.6703200460356394,0.007071138964360513
-0.35,0.9999999999999999,0.71178445,0.7046880897187136,0.007096360281286462
-0.3,0.9999999999999999,0.747905931,0.740818220681718,0.007087710318282037
-0.25,0.9999999999999999,0.785840597,0.778800783071405,0.0070398139285949846
-0.2,0.9999999999999999,0.825677404,0.8187307530779819,0.006946650922018072
-0.15,0.9999999999999999,0.867509455,0.8607079764250579,0.006801478574942066
-0.1,0.9999999999999999,0.91143418,0.9048374180359596,0.006596761964040354
-0.05,0.9999999999999999,0.957553502,0.9512294245007141,0.006324077499285874
2.91433544e-16,0.9999999999999999,1.00597403,1.0000000000000004,0.0059740299999995194
0.05,0.9999999999999999,1.05680723,1.0512710963760243,0.005536133623975648
0.1,0.9999999999999999,1.11016963,1.1051709180756477,0.004998711924352195
0.15,0.9999999999999999,1.16618299,1.161834242728283,0.004348747271716968
0.2,0.9999999999999999,1.22497454,1.22140275816017,0.0035717818398299794
0.25,0.9999999999999999,1.28667714,1.2840254166877414,0.0026517233122587136
0.3,0.9999999999999999,1.35142948,1.3498588075760032,0.0015706724239967773
0.35,0.9999999999999999,1.41937634,1.4190675485932571,0.00030879140674278105
0.4,0.9999999999999999,1.49066871,1.4918246976412703,-0.0011559876412703396
0.45,0.9999999999999999,1.56546409,1.5683121854901687,-0.002848095490168623
0.5,0.9999999999999999,1.64392662,1.6487212707001282,-0.004794650700128189
0.55,0.9999999999999999,1.72622734,1.7332530178673955,-0.007025677867395386
0.6,0.9999999999999999,1.81254435,1.822118800390509,-0.009574450390509082
0.65,0.9999999999999999,1.90306304,1.9155408290138962,-0.01247778901389629
0.7,0.9999999999999999,1.99797629,2.0137527074704766,-0.015776417470476645
0.75,0.9999999999999999,2.09748464,2.117000016612675,-0.019515376612674995
0.8,0.9999999999999999,2.20179647,2.225540928492468,-0.023744458492467757
0.85,0.9999999999999999,2.31112821,2.3396468519259908,-0.02851864192599063
0.9,0.9999999999999999,2.42570443,2.45960311115695,-0.03389868115694972
0.95,0.9999999999999999,2.54575809,2.585709659315846,-0.03995156931584587
1.0,0.9999999999999999,2.67153058,2.718281828459045,-0.04675124845904488
-1.0,1.0999999999999999,0.277068912,0.27256926136711757,0.004499650632882435
-0.95,1.0999999999999999,0.296107025,0.29143084365017646,0.0046761813498235605
-0.9,1.0999999999999999,0.316110521,0.31125947993627434,0.004851041063725636
-0.85,1.0999999999999999,0.337127775,0.33210475214440194,0.0050230228555980805
-0.8,1.0999999999999999,0.359209526,0.3540187843128968,0.005190741687103206
-0.75,1.0999999999999999,0.382408988,0.3770563729366899,0.005352615063310084
-0.7,1.0999999999999999,0.406781961,0.40127512398708476,0.005506837012915267
-0.65,1.0999999999999999,0.432386949,0.4267355969566913,0.005651352043308744
-0.6,1.0999999999999999,0.459285287,0.4535014562897016,0.0057838307102983655
-0.55,1.0999999999999999,0.487541265,0.4816396305761619,0.00590163442383812
-0.5,1.0999999999999999,0.517222258,0.5112204799083087,0.006001778091691334
-0.45,1.0999999999999999,0.548398868,0.5423179718174486,0.006080896182551476
-0.4,1.0999999999999999,0.581145065,0.5750098662313146,0.0061351987686854015
-0.35,1.0999999999999999,0.61553833,0.6093779099143887,0.006160420085611351
-0.3,1.0999999999999999,0.65165981,0.6455080408773931,0.006151769122606843
-0.25,1.0999999999999999,0.689594477,0.6834906032670801,0.006103873732919873
-0.2,1.0999999999999999,0.729431284,0.723420573273657,0.0060107107263429604
-0.15,1.0999999999999999,0.771263335,0.765397796620733,0.005865538379266955
-0.1,1.0999999999999999,0.815188059,0.8095272382316347,0.005660820768365271
-0.05,1.0999999999999999,0.861307382,0.8559192446963892,0.005388137303610763
2.91433544e-16,1.0999999999999999,0.909727908,0.9046898201956755,0.005038087804324576
0.05,1.0999999999999999,0.960561108,0.9559609165716993,0.004600191428300704
0.1,1.0999999999999999,1.01392351,1.009860738271323,0.004062771728676973
0.15,1.0999999999999999,1.06993687,1.0665240629239583,0.003412807076041746
0.2,1.0999999999999999,1.12872842,1.126092578355845,0.0026358416441549792
0.25,1.0999999999999999,1.19043102,1.1887152368834166,0.0017157831165832693
0.3,1.0999999999999999,1.25518336,1.2545486277716784,0.0006347322283215551
0.35,1.0999999999999999,1.32313022,1.3237573687889324,-0.0006271487889324412
0.4,1.0999999999999999,1.39442259,1.3965145178369456,-0.002091927836945562
0.45,1.0999999999999999,1.46921797,1.473002005685844,-0.003784035685843845
0.5,1.0999999999999999,1.5476805,1.5534110908958034,-0.005730590895803411
0.55,1.0999999999999999,1.62998122,1.6379428380630705,-0.007961618063070608
0.6,1.0999999999999999,1.71629823,1.7268086205861841,-0.010510390586184082
0.65,1.0999999999999999,1.80681692,1.8202306492095714,-0.013413729209571512
0.7,1.0999999999999999,1.90173017,1.9184425276661519,-0.016712357666151867
0.75,1.0999999999999999,2.00123852,2.02168983680835,-0.020451316808350217
0.8,1.0999999999999999,2.10555035,2.130230748688143,-0.02468039868814298
0.85,1.0999999999999999,2.21488209,2.244336672121666,-0.02945458212166585
0.9,1.0999999999999999,2.32945831,2.364292931352625,-0.03483462135262494
0.95,1.0999999999999999,2.44951197,2.490399479511521,-0.04088750951152109
1.0,1.0999999999999999,2.57528446,2.6229716486547203,-0.0476871886547201
-1.0,1.2,0.189205399,0.18555788437748774,0.0036475146225122546
-0.95,1.2,0.208243512,0.20441946666054664,0.0038240453394533525
-0.9,1.2,0.228247008,0.22424810294664452,0.003998905053355484
-0.85,1.2,0.249264262,0.24509337515477206,0.004170886845227928
-0.8,1.2,0.271346013,0.267007407323267,0.004338605676732998
-0.75,1.2,0.294545475,0.2900449959470601,0.004500479052939876
-0.7,1.2,0.318918448,0.31426374699745496,0.004654701002545059
-0.65,1.2,0.344523436,0.3397242199670615,0.004799216032938536
-0.6,1.2,0.371421774,0.3664900793000718,0.0049316946999281575
-0.55,1.2,0.399677752,0.3946282535865321,0.005049498413467912
-0.5,1.2,0.429358745,0.42420910291867886,0.005149642081321126
-0.45,1.2,0.460535355,0.45530659482781877,0.005228760172181213
-0.4,1.2,0.493281552,0.48799848924168476,0.005283062758315249
-0.35,1.2,0.527674817,0.5223665329247589,0.005308284075241088
-0.3,1.2,0.563796298,0.5584966638877633,0.005299634112236662
-0.25,1.2,0.601730964,0.5964792262774503,0.005251737722549721
-0.2,1.2,0.641567771,0.6364091962840273,0.005158574715972697
-0.15,1.2,0.683399822,0.6783864196311032,0.005013402368896802
-0.1,1.2,0.727324546,0.722515861242005,0.004808684757995008
-0.05,1.2,0.773443869,0.7689078677067595,0.004536001293240499
2.91433544e-16,1.2,0.821864395,0.8176784432060457,0.004185951793954312
0.05,1.2,0.872697595,0.8689495395820696,0.0037480554179304404
0.1,1.2,0.926059993,0.9228493612816931,0.0032106317183068223
0.15,1.2,0.98207336,0.9795126859343285,0.002560674065671509
0.2,1.2,1.04086491,1.0390812013662152,0.001783708633784853
0.25,1.2,1.10256751,1.1017038598937867,0.000863650106213365
0.3,1.2,1.16731985,1.1675372507820485,-0.00021740078204857127
0.35,1.2,1.2352667,1.2367459917993024,-0.0014792917993025068
0.4,1.2,1.30655908,1.3095031408473157,-0.002944060847315688
0.45,1.2,1.38135446,1.385990628696214,-0.004636168696213971
0.5,1.2,1.45981699,1.4663997139061735,-0.006582723906173538
0.55,1.2,1.5421177,1.5509314610734406,-0.008813761073440673
0.6,1.2,1.62843471,1.6397972435965542,-0.011362533596554147
0.65,1.2,1.71895341,1.7332192722199415,-0.014265862219941639
0.7,1.2,1.81386666,1.831431150676522,-0.017564490676521993
0.75,1.2,1.91337501,1.93467845981872,-0.02130344981872012
0.8,1.2,2.01768684,2.0432193716985134,-0.025532531698513328
0.85,1.2,2.12701857,2.1573252951320363,-0.03030672513203614
0.9,1.2,2.2415948,2.2772815543629954,-0.03568675436299529
0.95,1.2,2.36164846,2.4033881025218915,-0.04173964252189144
1.0,1.2,2.48742095,2.5359602716650906,-0.04853932166509045
-1.0,1.3,0.108380546,0.10551517670395127,0.00286536929604872
-0.95,1.3,0.12741866,0.12437675898701017,0.003041901012989817
-0.9,1.3,0.147422156,0.14420539527310805,0.0032167607268919485
-0.85,1.3,0.16843941,0.1650506674812356,0.0033887425187644205
-0.8,1.3,0.190521161,0.1869646996497305,0.003556461350269491
-0.75,1.3,0.213720623,0.21000228827352363,0.003718334726476369
-0.7,1.3,0.238093595,0.23422103932391847,0.003872555676081524
-0.65,1.3,0.263698583,0.259681512293525,0.004017070706475001
-0.6,1.3,0.290596922,0.28644737162653533,0.00414955037346465
-0.55,1.3,0.318852899,0.3145855459129956,0.004267353087004433
-0.5,1.3,0.348533892,0.34416639524514236,0.004367496754857647
-0.45,1.3,0.379710503,0.37526388715428227,0.004446615845717705
-0.4,1.3,0.4124567,0.40795578156814827,0.0045009184318517415
-0.35,1.3,0.446849964,0.4423238252512224,0.004526138748777608
-0.3,1.3,0.482971445,0.4784539562142268,0.004517488785773183
-0.25,1.3,0.520906111,0.5164365186039138,0.004469592396086131
-0.2,1.3,0.560742918,0.5563664886104908,0.004376429389509218
-0.15,1.3,0.60257497,0.5983437119575667,0.004231258042433295
-0.1,1.3,0.646499694,0.6424731535684685,0.0040265404315315
-0.05,1.3,0.692619017,0.688865160033223,0.0037538569667769917
2.91433544e-16,1.3,0.741039543,0.7376357355325092,0.0034038074674908048
0.05,1.3,0.791872743,0.7889068319085331,0.002965911091466933
0.1,1.3,0.845235141,0.8428066536081567,0.0024284873918433147
0.15,1.3,0.901248507,0.899469978260792,0.0017785287392080296
0.2,1.3,0.960040059,0.9590384936926788,0.001001565307321206
0.25,1.3,1.02174265,1.0216611522202503,8.149777974963968e-05
0.3,1.3,1.086495,1.0874945431085121,-0.0009995431085121353
0.35,1.3,1.15444185,1.156703284125766,-0.002261434125766071
0.4,1.3,1.22573423,1.2294604331737793,-0.0037262031737792523
0.45,1.3,1.3005296,1.3059479210226776,-0.005418321022677697
0.5,1.3,1.37899214,1.3863570062326371,-0.007364866232637102
0.55,1.3,1.46129285,1.4708887533999042,-0.009595903399904238
0.6,1.3,1.54760986,1.5597545359230178,-0.012144675923017934
0.65,1.3,1.63812856,1.6531765645464052,-0.015048004546405203
0.7,1.3,1.73304181,1.7513884430029856,-0.018346633002985557
0.75,1.3,1.83255016,1.8546357521451837,-0.022085592145183686
0.8,1.3,1.93686199,1.9631766640249768,-0.026314674024976892
0.85,1.3,2.04619372,2.0772825874585,-0.031088867458499703
0.9,1.3,2.16076995,2.1972388466894586,-0.03646889668945841
0.95,1.3,2.28082361,2.3233453948483547,-0.04252178484835456
1.0,1.3,2.40659609,2.4559175639915543,-0.0493214739915544
-1.0,1.4,0.0335497431,0.03140720455022944,0.002142538549770562
-0.95,1.4,0.0525878568,0.05026878683328834,0.002319069966711662
-0.9,1.4,0.072591353,0.07009742311938622,0.002493929880613782
-0.85,1.4,0.0936086067,0.09094269532751376,0.002665911372486243
-0.8,1.4,0.115690358,0.11285672749600867,0.0028336305039913245
-0.75,1.4,0.13888982,0.1358943161198018,0.0029955038801982026
-0.7,1.4,0.163262792,0.16011306717019663,0.0031497248298033576
-0.65,1.4,0.18886778,0.18557354013980315,0.0032942398601968625
-0.6,1.4,0.215766119,0.2123393994728135,0.0034267195271865114
-0.55,1.4,0.244022096,0.24047757375927376,0.003544522240726239
-0.5,1.4,0.273703089,0.27005842309142053,0.003644665908579481
-0.45,1.4,0.3048797,0.30115591500056044,0.003723784999439539
-0.4,1.4,0.337625896,0.33384780941442643,0.003778086585573548
-0.35,1.4,0.372019161,0.36821585309750055,0.003803307902499442
-0.3,1.4,0.408140642,0.404345984060505,0.0037946579394950164
-0.25,1.4,0.446075308,0.442328546450192,0.00374676154980802
-0.2,1.4,0.485912115,0.4822585164567689,0.0036535985432310514
-0.15,1.4,0.527744167,0.5242357398038449,0.003508427196155184
-0.1,1.4,0.571668891,0.5683651814147466,0.0033037095852533893
-0.05,1.4,0.617788213,0.6147571878795011,0.003031025120498909
2.91433544e-16,1.4,0.66620874,0.6635277633787873,0.002680976621212694
0.05,1.4,0.71704194,0.7147988597548112,0.002243080245188822
0.1,1.4,0.770404338,0.7686986814544348,0.001705656545565204
0.15,1.4,0.826417704,0.8253620061070701,0.0010556978929299188
0.2,1.4,0.885209256,0.8849305215389569,0.0002787344610430953
0.25,1.4,0.946911851,0.9475531800665284,-0.0006413290665284732
0.3,1.4,1.0116642,1.0133865709547902,-0.00172237095479022
0.35,1.4,1.07961105,1.0825953119720442,-0.0029842619720441554
0.4,1.4,1.15090342,1.1553524610200574,-0.004449041020057498
0.45,1.4,1.2256988,1.2318399488689558,-0.006141148868955781
0.5,1.4,1.30416133,1.3122490340789152,-0.008087704078915348
0.55,1.4,1.38646205,1.3967807812461823,-0.010318731246182322
0.6,1.4,1.47277906,1.485646563769296,-0.012867503769296018
0.65,1.4,1.56329775,1.5790685923926833,-0.015770842392683226
0.7,1.4,1.65821101,1.6772804708492637,-0.019069460849263642
0.75,1.4,1.75771935,1.7805277799914618,-0.02280842999146193
0.8,1.4,1.86203119,1.889068691871255,-0.027037501871254976
0.85,1.4,1.97136292,2.003174615304778,-0.03181169530477779
0.9,1.4,2.08593915,2.123130874535737,-0.037191724535736714
0.95,1.4,2.2059928,2.249237422694633,-0.043244622694632806
1.0,1.4,2.33176529,2.381809591837832,-0.05004430183783226
-1.0,1.5,-0.0361150667,-0.03758566693672205,0.0014706002367220541
-0.95,1.5,-0.017076953,-0.018724084653663153,0.0016471316536631544
-0.9,1.5,0.00292654317,0.0011045516324347249,0.001821991537565275
-0.85,1.5,0.0239437969,0.021949823840562266,0.0019939730594377356
-0.8,1.5,0.046025548,0.04386385600905718,0.002161691990942821
-0.75,1.5,0.06922501,0.0669014446328503,0.002323565367149699
-0.7,1.5,0.0935979823,0.09112019568324514,0.0024777866167548512
-0.65,1.5,0.119202971,0.11658066865285166,0.0026223023471483448
-0.6,1.5,0.146101309,0.143346527985862,0.002754781014138008
-0.55,1.5,0.174357287,0.17148470227232226,0.002872584727677735
-0.5,1.5,0.20403828,0.20106555160446904,0.002972728395530949
-0.45,1.5,0.23521489,0.23216304351360895,0.0030518464863910633
-0.4,1.5,0.267961087,0.26485493792747494,0.003106149072525044
-0.35,1.5,0.302354352,0.29922298161054905,0.003131370389450938
-0.3,1.5,0.338475832,0.3353531125735535,0.0031227194264464853
-0.25,1.5,0.376410498,0.3733356749632405,0.0030748230367594886
-0.2,1.5,0.416247305,0.41326564496981744,0.0029816600301825757
-0.15,1.5,0.458079357,0.4552428683168934,0.002836488683106597
-0.1,1.5,0.502004081,0.49937230992779513,0.0026317710722049137
-0.05,1.5,0.548123404,0.5457643163925496,0.0023590876074504052
2.91433544e-16,1.5,0.59654393,0.5945348918918358,0.0020090381081641073
0.05,1.5,0.64737713,0.6458059882678597,0.0015711417321402354
0.1,1.5,0.700739528,0.6997058099674833,0.0010337180325166173
0.15,1.5,0.756752895,0.7563691346201187,0.00038376037988130385
0.2,1.5,0.815544446,0.8159376500520055,-0.00039320405200549136
0.25,1.5,0.877247041,0.878560308579577,-0.0013132675795770599
0.3,1.5,0.941999386,0.9443936994678388,-0.0023943134678388045
0.35,1.5,1.00994624,1.0136024404850927,-0.003656200485092631
0.4,1.5,1.08123861,1.086359589533106,-0.005120979533105974
0.45,1.5,1.15603399,1.1628470773820043,-0.006813087382004257
0.5,1.5,1.23449652,1.2432561625919638,-0.008759642591963823
0.55,1.5,1.31679724,1.3277879097592309,-0.010990669759230798
0.6,1.5,1.40311425,1.4166536922823445,-0.013539442282344494
0.65,1.5,1.49363294,1.5100757209057318,-0.016442780905731924
0.7,1.5,1.5885462,1.6082875993623122,-0.01974139936231234
0.75,1.5,1.68805454,1.7115349085045104,-0.023480368504510407
0.8,1.5,1.79236638,1.8200758203843035,-0.027709440384303452
0.85,1.5,1.90169811,1.9341817438178264,-0.03248363381782626
0.9,1.5,2.01627434,2.0541380030487852,-0.03786366304878541
0.95,1.5,2.13632799,2.1802445512076813,-0.043916561207681504
1.0,1.5,2.26210048,2.312816720350881,-0.05071624035088096
-1.0,1.5999999999999999,-0.101281391,-0.10212418807429313,0.0008427970742931334
-0.95,1.5999999999999999,-0.082243277,-0.08326260579123423,0.0010193287912342308
-0.9,1.5999999999999999,-0.0622397808,-0.06343396950513636,0.0011941887051363578
-0.85,1.5999999999999999,-0.0412225271,-0.042588697297008815,0.001366170197008812
-0.8,1.5999999999999999,-0.019140776,-0.020674665128513903,0.001533889128513901
-0.75,1.5999999999999999,0.00405868606,0.0023629234952792233,0.001695762564720777
-0.7,1.5999999999999999,0.0284316583,0.02658167454567406,0.001849983754325938
-0.65,1.5999999999999999,0.0540366466,0.05204214751528058,0.0019944990847194227
-0.6,1.5999999999999999,0.0809349851,0.07880800684829092,0.002126978251709072
-0.55,1.5999999999999999,0.109190963,0.10694618113475118,0.0022447818652488183
-0.5,1.5999999999999999,0.138871956,0.13652703046689796,0.0023449255331020324
-0.45,1.5999999999999999,0.170048566,0.16762452237603787,0.0024240436239621466
-0.4,1.5999999999999999,0.202794763,0.20031641678990386,0.0024783462100961273
-0.35,1.5999999999999999,0.237188028,0.23468446047297797,0.0025035675270220215
-0.3,1.5999999999999999,0.273309508,0.2708145914359824,0.0024949165640175686
-0.25,1.5999999999999999,0.311244174,0.3087971538256694,0.002447020174330572
-0.2,1.5999999999999999,0.351080981,0.34872712383224636,0.002353857167753659
-0.15,1.5999999999999999,0.392913033,0.39070434717932234,0.0022086858206776805
-0.1,1.5999999999999999,0.436837757,0.43483378879022405,0.0020039682097759415
-0.05,1.5999999999999999,0.48295708,0.48122579525497855,0.001731284745021433
2.91433544e-16,1.5999999999999999,0.531377606,0.5299963707542648,0.0013812352457351906
0.05,1.5999999999999999,0.582210806,0.5812674671302887,0.0009433388697113188
0.1,1.5999999999999999,0.635573204,0.6351672888299122,0.0004059151700877006
0.15,1.5999999999999999,0.691586571,0.6918306134825476,-0.00024404248254761285
0.2,1.5999999999999999,0.750378122,0.7513991289144344,-0.001021006914434408
0.25,1.5999999999999999,0.812080717,0.8140217874420059,-0.0019410704420059766
0.3,1.5999999999999999,0.876833062,0.8798551783302677,-0.003022116330267721
0.35,1.5999999999999999,0.944779914,0.9490639193475217,-0.004284005347521602
0.4,1.5999999999999999,1.01607229,1.0218210683955349,-0.0057487783955347815
0.45,1.5999999999999999,1.09086767,1.0983085562444332,-0.007440886244433287
0.5,1.5999999999999999,1.1693302,1.1787176414543927,-0.009387441454392631
0.55,1.5999999999999999,1.25163092,1.2632493886216598,-0.011618468621659828
0.6,1.5999999999999999,1.33794792,1.3521151711447734,-0.014167251144773463
0.65,1.5999999999999999,1.42846662,1.4455371997681608,-0.017070579768160732
0.7,1.5999999999999999,1.52337987,1.5437490782247412,-0.020369208224741087
0.75,1.5999999999999999,1.62288822,1.6469963873669393,-0.024108167366939215
0.8,1.5999999999999999,1.72720005,1.7555372992467324,-0.02833724924673242
0.85,1.5999999999999999,1.83653178,1.8696432226802553,-0.03311144268025523
0.9,1.5999999999999999,1.95110801,1.9895994819112144,-0.03849147191121438
0.95,1.5999999999999999,2.07116167,2.1157060300701103,-0.04454436007011031
1.0,1.5999999999999999,2.19693416,2.24827819921331,-0.05134403921330977
-1.0,1.7,-0.162495183,-0.16274880989072804,0.00025362689072805367
-0.95,1.7,-0.143457069,-0.14388722760766914,0.00043015860766915104
-0.9,1.7,-0.123453573,-0.12405859132157127,0.0006050183215712684
-0.85,1.7,-0.102436319,-0.10321331911344372,0.0007770001134437265
-0.8,1.7,-0.0803545683,-0.08129928694494881,0.0009447186449488137
-0.75,1.7,-0.0571551063,-0.058261698321155686,0.0011065920211556848
-0.7,1.7,-0.0327821341,-0.03404294727076085,0.0012608131707608494
-0.65,1.7,-0.00717714571,-0.00858247430115433,0.0014053285911543303
-0.6,1.7,0.0197211927,0.018183385031856014,0.0015378076681439867
-0.55,1.7,0.0479771702,0.046321559318316274,0.0016556108816837278
-0.5,1.7,0.0776581632,0.07590240865046305,0.0017557545495369559
-0.45,1.7,0.108834774,0.10699990055960296,0.001834873440397039
-0.4,1.7,0.14158097,0.13969179497346895,0.001889175026531048
-0.35,1.7,0.175974235,0.17405983865654306,0.0019143963434569422
-0.3,1.7,0.212095716,0.2101899696195475,0.0019057463804524888
-0.25,1.7,0.250030382,0.2481725320092345,0.0018578499907654922
-0.2,1.7,0.289867189,0.28810250201581145,0.0017646869841885793
-0.15,1.7,0.331699241,0.33007972536288743,0.0016195156371125452
-0.1,1.7,0.375623965,0.37420916697378914,0.0014147980262108617
-0.05,1.7,0.421743287,0.42060117343854364,0.0011421135614563815
2.91433544e-16,1.7,0.470163814,0.46937174893782985,0.0007920650621701664
0.05,1.7,0.520997014,0.5206428453138537,0.000354168686146239
0.1,1.7,0.574359412,0.5745426670134773,-0.00018325501347737916
0.15,1.7,0.630372778,0.6312059916661127,-0.0008332136661126643
0.2,1.7,0.689164329,0.6907745070979995,-0.0016101780979994595
0.25,1.7,0.750866924,0.753397165625571,-0.002530241625571028
0.3,1.7,0.815619269,0.8192305565138328,-0.0036112875138327727
0.35,1.7,0.883566122,0.8884392975310867,-0.004873175531086793
0.4,1.7,0.954858497,0.9611964465791,-0.006337949579099944
0.45,1.7,1.02965388,1.0376839344279984,-0.008030054427998534
0.5,1.7,1.10811641,1.118093019637958,-0.009976609637957878
0.55,1.7,1.19041712,1.2026247668052248,-0.012207646805224792
0.6,1.7,1.27673413,1.2914905493283384,-0.014756419328338488
0.65,1.7,1.36725283,1.384912577951726,-0.01765974795172598
0.7,1.7,1.46216608,1.4831244564083064,-0.020958376408306334
0.75,1.7,1.56167443,1.5863717655505045,-0.024697335550504462
0.8,1.7,1.66598626,1.6949126774302976,-0.02892641743029767
0.85,1.7,1.77531799,1.8090186008638205,-0.03370061086382048
0.9,1.7,1.88989422,1.9289748600947796,-0.03908064009477963
0.95,1.7,2.00994788,2.0550814082536757,-0.04513352825367578
1.0,1.7,2.13572036,2.187653577396875,-0.05193321739687473
-1.0,1.8,-0.220208676,-0.21990722373067673,-0.00030145226932326574
-0.95,1.8,-0.201170562,-0.20104564144761783,-0.00012492055238216837
-0.9,1.8,-0.181167066,-0.18121700516151995,4.9939161519962916e-05
-0.85,1.8,-0.160149812,-0.1603717329533924,0.00022192095339240714
-0.8,1.8,-0.138068061,-0.1384577007848975,0.0003896397848975053
-0.75,1.8,-0.114868599,-0.11542011216110437,0.0005515131611043694
-0.7,1.8,-0.0904956266,-0.09120136111070953,0.0007057345107095297
-0.65,1.8,-0.0648906382,-0.06574088814110302,0.0008502499411030123
-0.6,1.8,-0.0379922998,-0.03897502880809267,0.000982729008092674
-0.55,1.8,-0.00973632226,-0.01083685452163241,0.0011005322616324115
-0.5,1.8,0.0199446707,0.018743994810514364,0.0012006758894856362
-0.45,1.8,0.0511212812,0.04984148671965427,0.0012797944803457292
-0.4,1.8,0.0838674779,0.08253338113352027,0.0013340967664797337
-0.35,1.8,0.118260743,0.11690142481659438,0.0013593181834056223
-0.3,1.8,0.154382223,0.15303155577959882,0.0013506672204011971
-0.25,1.8,0.19231689,0.19101411816928582,0.0013027718307141722
-0.2,1.8,0.232153697,0.23094408817586276,0.0012096088241372316
-0.15,1.8,0.273985748,0.27292131152293875,0.0010644364770612258
-0.1,1.8,0.317910472,0.31705075313384046,0.0008597188661595423
-0.05,1.8,0.364029795,0.36344275959859496,0.0005870354014050339
2.91433544e-16,1.8,0.412450321,0.41221333509788116,0.00023698590211884696
0.05,1.8,0.463283521,0.46348443147390506,-0.00020091047390508043
0.1,1.8,0.516645919,0.5173842531735287,-0.0007383341735286431
0.15,1.8,0.572659286,0.574047577826164,-0.0013882918261639565
0.2,1.8,0.631450837,0.6336160932580508,-0.0021652562580507517
0.25,1.8,0.693153432,0.6962387517856223,-0.0030853197856223202
0.3,1.8,0.757905777,0.7620721426738841,-0.004166365673884176
0.35,1.8,0.82585263,0.8312808836911381,-0.005428253691138085
0.4,1.8,0.897145005,0.9040380327391513,-0.006893027739151236
0.45,1.8,0.971940383,0.9805255205880496,-0.008585137588049685
0.5,1.8,1.05040291,1.0609346057980091,-0.010531695798009055
0.55,1.8,1.13270363,1.1454663529652762,-0.012762722965276252
0.6,1.8,1.21902064,1.2343321354883898,-0.015311495488389726
0.65,1.8,1.30953934,1.3277541641117772,-0.018214824111777217
0.7,1.8,1.40445259,1.4259660425683576,-0.02151345256835757
0.75,1.8,1.50396093,1.5292133517105557,-0.02525242171055564
0.8,1.8,1.60827277,1.6377542635903488,-0.029481493590348906
0.85,1.8,1.7176045,1.7518601870238717,-0.03425568702387172
0.9,1.8,1.83218073,1.8718164462548308,-0.039635716254830866
0.95,1.8,1.95223439,1.997922994413727,-0.0456886044137268
1.0,1.8,2.07800687,2.130495163556926,-0.05248829355692619
-1.0,1.9,-0.274800673,-0.27397444500095236,-0.0008262279990476351
-0.95,1.9,-0.255762559,-0.25511286271789346,-0.0006496962821065377
-0.9,1.9,-0.235759063,-0.23528422643179558,-0.00047483656820440645
-0.85,1.9,-0.214741809,-0.21443895422366804,-0.00030285477633196223
-0.8,1.9,-0.192660058,-0.19252492205517313,-0.00013513594482686409
-0.75,1.9,-0.169460596,-0.16948733343138,2.6737431380013943e-05
-0.7,1.9,-0.145087624,-0.14526858238098517,0.00018095838098516892
-0.65,1.9,-0.119482635,-0.11980810941137865,0.00032547441137864563
-0.6,1.9,-0.092584297,-0.0930422500783683,0.0004579530783683089
-0.55,1.9,-0.0643283195,-0.06490407579190804,0.00057575629190805
-0.5,1.9,-0.0346473265,-0.03532322645976127,0.0006758999597612711
-0.45,1.9,-0.00347071601,-0.004225734550621363,0.0007550185406213629
-0.4,1.9,0.0292754806,0.028466159863244633,0.0008093207367553673
-0.35,1.9,0.0636687455,0.06283420354631875,0.0008345419536812532
-0.3,1.9,0.0997902262,0.09896433450932318,0.0008258916906768166
-0.25,1.9,0.137724892,0.13694689689901018,0.0007779951009898034
-0.2,1.9,0.177561699,0.17687686690558713,0.0006848320944128627
-0.15,1.9,0.219393751,0.2188540902526631,0.0005396607473368842
-0.1,1.9,0.263318475,0.2629835318635648,0.00033494313643517293
-0.05,1.9,0.309437798,0.3093755383283193,6.225967168066449e-05
2.91433544e-16,1.9,0.357858324,0.35814611382760553,-0.0002877898276055224
0.05,1.9,0.408691524,0.4094172102036294,-0.0007256862036294498
0.1,1.9,0.462053922,0.463317031903253,-0.0012631099032530124
0.15,1.9,0.518067289,0.5199803565558884,-0.0019130675558883814
0.2,1.9,0.57685884,0.5795488719877752,-0.0026900319877751766
0.25,1.9,0.638561435,0.6421715305153467,-0.003610095515346745
0.3,1.9,0.70331378,0.7080049214036085,-0.00469114140360849
0.35,1.9,0.771260632,0.7772136624208624,-0.005953030420862482
0.4,1.9,0.842553007,0.8499708114688757,-0.007417804468875633
0.45,1.9,0.917348385,0.926458299317774,-0.00910991431777397
0.5,1.9,0.995810918,1.0068673845277334,-0.0110564665277334
0.55,1.9,1.07811163,1.0913991316950007,-0.013287501695000703
0.6,1.9,1.16442864,1.1802649142181143,-0.0158362742181144
0.65,1.9,1.25494734,1.2736869428415014,-0.018739602841501446
0.7,1.9,1.34986059,1.3718988212980818,-0.0220382312980818
0.75,1.9,1.44936894,1.47514613044028,-0.02577719044027993
0.8,1.9,1.55368077,1.583687042320073,-0.030006272320073135
0.85,1.9,1.6630125,1.697792965753596,-0.034780465753595946
0.9,1.9,1.77758873,1.817749224984555,-0.040160494984555095
0.95,1.9,1.89764239,1.9438557731434511,-0.04621338314345125
1.0,1.9,2.02341487,2.0764279422866503,-0.05301307228665042
-1.0,2.0,-0.326591635,-0.32526773938850295,-0.001323895611497039
-0.95,2.0,-0.307553521,-0.30640615710544405,-0.0011473638945559417
-0.9,2.0,-0.287550025,-0.2865775208193462,-0.0009725041806538104
-0.85,2.0,-0.266532771,-0.26573224861121864,-0.0008005223887813662
-0.8,2.0,-0.24445102,-0.24381821644272372,-0.000632803557276268
-0.75,2.0,-0.221251558,-0.2207806278189306,-0.00047093018106939
-0.7,2.0,-0.196878586,-0.19656187676853576,-0.000316709231464235
-0.65,2.0,-0.171273598,-0.17110140379892924,-0.00017219420107075778
-0.6,2.0,-0.144375259,-0.1443355444659189,-3.971453408110892e-05
-0.55,2.0,-0.116119282,-0.11619737017945864,7.808817945863245e-05
-0.5,2.0,-0.0864382886,-0.08661652084731186,0.00017823224731186582
-0.45,2.0,-0.0552616782,-0.055519028938171955,0.0002573507381719575
-0.4,2.0,-0.0225154815,-0.02282713452430596,0.00031165302430595856
-0.35,2.0,0.0118777834,0.011540909158768153,0.00033687424123184616
-0.3,2.0,0.047999264,0.04767104012177259,0.00032822387822740995
-0.25,2.0,0.0859339302,0.08565360251145959,0.00028032768854040213
-0.2,2.0,0.125770737,0.12558357251803653,0.0001871644819634588
-0.15,2.0,0.167602789,0.16756079586511252,4.1993134887480243e-05
-0.1,2.0,0.211527513,0.21169023747601423,-0.000162724476014231
-0.05,2.0,0.257646835,0.25808224394076873,-0.00043540894076871117
2.91433544e-16,2.0,0.306067362,0.30685281944005494,-0.0007854574400549263
0.05,2.0,0.356900562,0.35812391581607883,-0.0012233538160788537
0.1,2.0,0.41026296,0.4120237375157024,-0.0017607775157024164
0.15,2.0,0.466276326,0.4686870621683378,-0.002410736168337757
0.2,2.0,0.525067878,0.5282555776002246,-0.0031876996002245805
0.25,2.0,0.586770473,0.5908782361277961,-0.004107763127796149
0.3,2.0,0.651522817,0.6567116270160579,-0.005188810016057865
0.35,2.0,0.71946967,0.7259203680333118,-0.006450698033311886
0.4,2.0,0.790762045,0.7986775170813251,-0.007915472081325037
0.45,2.0,0.865557423,0.8751650049302234,-0.009607581930223374
0.5,2.0,0.944019956,0.9555740901401829,-0.011554134140182915
0.55,2.0,1.02632067,1.04010583730745,-0.013785167307450052
0.6,2.0,1.11263768,1.1289716198305637,-0.01633393983056375
0.65,2.0,1.20315638,1.2223936484539508,-0.019237268453950795
0.7,2.0,1.29806963,1.3206055269105312,-0.02253589691053115
0.75,2.0,1.39757798,1.4238528360527294,-0.02627485605272928
0.8,2.0,1.50188981,1.5323937479325225,-0.030503937932522485
0.85,2.0,1.61122154,1.6464996713660454,-0.035278131366045296
0.9,2.0,1.72579777,1.7664559305970045,-0.040658160597004445
0.95,2.0,1.84585143,1.8925624787559006,-0.0467110487559006
1.0,2.0,1.97162391,2.0251346478990997,-0.05351073789909977
